intervention,control_churn_rate,test_churn_rate,churn_reduction,control_avg_sessions,test_avg_sessions,engagement_improvement,p_value,statistical_significance,revenue_saved
personalized_notifications,0.28445829836550374,0.26168074628658367,0.02277755207892007,6.020301322783039,6.025863794691116,0.005562471908076461,1.1585394416368074e-08,Yes,31266.337226159932
improved_onboarding,0.28445829836550374,0.2471473755855387,0.03731092277996503,6.020301322783039,6.37502502302118,0.35472370023814026,4.0017597897631145e-21,Yes,51216.03453328199
feature_recommendations,0.28445829836550374,0.26752612403411136,0.01693217433139238,6.020301322783039,5.994635064259119,-0.025666258523920682,2.3904567933791657e-05,Yes,23242.492028254135
